{"cameraMode":{"drawMode":0,"name":"Shaded","section":"Shading Mode"},"sceneLighting":true,"audioPlay":false,"sceneViewState":{"showFog":true,"showMaterialUpdate":false,"showSkybox":true,"showFlares":true,"showImageEffects":true,"showParticleSystems":true},"in2DMode":false,"pivot":{"x":32.91644287109375,"y":-39.50961685180664,"z":129.55316162109376},"rotation":{"x":0.0567345917224884,"y":0.8581796884536743,"z":-0.5008748769760132,"w":0.0972185730934143},"size":1.7319560050964356,"orthographic":false}